{
  "PROMEDIO": {
    "volumenes_R": [
      50000000.0,
      136602331.42857143,
      175000000.0,
      175000000.0,
      175000000.0,
      175000000.0,
      0.0,
      0.0,
      0.0,
      0.0,
      0.0,
      0.0
    ],
    "volumenes_A": [
      50000000.0,
      140952448.0,
      228504541.92000002,
      260000000.0,
      0.0,
      79916192.0,
      157612906.24,
      199932939.84000003,
      213416297.60000005,
      215663929.60000005,
      216304571.52000004,
      220444128.32000002
    ],
    "volumenes_B": [
      20000000.0,
      58951049.14285714,
      96444803.68,
      105000000.0,
      0.0,
      38471225.14285715,
      75991245.53142859,
      92851004.38857143,
      101636729.14285715,
      105000000.0,
      101433047.08571428,
      105000000.0
    ],
    "entregas_A": [
      59448178.400000006,
      0.0,
      0.0,
      57743937.120000005,
      359968084.96,
      26250000.0,
      26250000.0,
      22500000.0,
      18750000.0,
      15000000.0,
      11250000.0,
      11250000.0
    ],
    "entregas_B": [
      25449219.31428571,
      0.0,
      0.0,
      29661687.337142862,
      147814893.5542857,
      7000000.0,
      7000000.0,
      10891684.114285737,
      5000000.0,
      4000000.0,
      8634370.88000001,
      3000000.0
    ],
    "entregas_H": [
      56598265.14285715,
      0.0,
      44966230.400000036,
      84970852.5714286,
      95188652.34285712,
      101091611.42857146,
      273977823.08571434,
      61714317.71428573,
      30679388.342857152,
      16407268.571428567,
      11305373.257142857,
      14637673.142857138
    ],
    "deficits_A": [
      0.0,
      0.0,
      0.0,
      0.0,
      0.0,
      0.0,
      0.0,
      0.0,
      0.0,
      0.0,
      0.0,
      0.0
    ],
    "deficits_B": [
      0.0,
      0.0,
      0.0,
      0.0,
      0.0,
      0.0,
      0.0,
      0.0,
      0.0,
      0.0,
      0.0,
      0.0
    ],
    "turbinado": [
      52.82842848608978,
      0.0,
      16.78846714456393,
      66.5032704585538,
      225.1238167776071,
      51.82932539682541,
      114.70572845195427,
      36.69213033509702,
      20.321605564089438,
      13.660211640211639,
      11.644916419184165,
      11.14493562610229
    ],
    "FE_A": 0.75,
    "FE_B": 0.5,
    "objetivo": 0.0,
    "status": 2,
    "V_sep_deshielo": 375000000.0,
    "energia_total": 389.2054402577778
  },
  "A\u00d1O SECO": {
    "volumenes_R": [
      50000000.0,
      77521024.0,
      108211891.2,
      129854259.2,
      158820236.8,
      175000000.0,
      0.0,
      0.0,
      0.0,
      591257.6000000008,
      234111.99999999985,
      0.0
    ],
    "volumenes_A": [
      50000000.0,
      78917075.2,
      111162485.76,
      133906972.16000001,
      30254344.96000001,
      38821848.96000001,
      33028014.080000006,
      30703310.080000006,
      26908577.28,
      23080820.48,
      11475817.6,
      0.0
    ],
    "volumenes_B": [
      20000000.0,
      32364460.799999997,
      46155351.04,
      55874416.64,
      0.0,
      0.0,
      1738356.4800000004,
      4356340.48,
      5737169.279999998,
      6496702.079999997,
      3315986.559999997,
      0.0
    ],
    "entregas_A": [
      23853447.680000007,
      0.0,
      0.0,
      0.0,
      134086903.67999999,
      26250000.0,
      26250000.0,
      22500000.0,
      18750000.0,
      15000000.0,
      11250000.0,
      11250000.0
    ],
    "entregas_B": [
      10194334.719999999,
      0.0,
      0.0,
      0.0,
      68889106.56,
      14893216.0,
      7000000.0,
      6000000.0,
      5000000.0,
      4000000.0,
      3000000.0,
      3190636.159999997
    ],
    "entregas_H": [
      22698521.599999994,
      0.0,
      0.0,
      0.0,
      0.0,
      16960716.800000012,
      194463014.4,
      19195520.0,
      14224063.999999998,
      10029926.399999999,
      0.0,
      0.0
    ],
    "deficits_A": [
      0.0,
      0.0,
      0.0,
      0.0,
      0.0,
      0.0,
      0.0,
      0.0,
      0.0,
      0.0,
      0.0,
      0.0
    ],
    "deficits_B": [
      0.0,
      0.0,
      0.0,
      0.0,
      0.0,
      0.0,
      0.0,
      0.0,
      0.0,
      0.0,
      0.0,
      0.0
    ],
    "turbinado": [
      21.186642771804063,
      0.0,
      0.0,
      0.0,
      75.7825605734767,
      22.416640740740746,
      85.01829988052569,
      18.40104938271605,
      14.17789127837515,
      11.199817283950617,
      5.320340501792114,
      5.571233086419752
    ],
    "FE_A": 0.75,
    "FE_B": 0.5,
    "objetivo": 0.0,
    "status": 2,
    "V_sep_deshielo": 389074581.76,
    "energia_total": 162.66388800000001
  },
  "A\u00d1O H\u00daMEDO": {
    "volumenes_R": [
      50000000.0,
      175000000.0,
      0.0,
      0.0,
      175000000.0,
      175000000.0,
      175000000.0,
      175000000.0,
      0.0,
      0.0,
      0.0,
      0.0
    ],
    "volumenes_A": [
      50000000.0,
      260000000.0,
      260000000.0,
      260000000.0,
      0.0,
      0.0,
      136768290.56,
      194581015.04,
      236255872.0,
      251120064.0,
      260000000.0,
      260000000.0
    ],
    "volumenes_B": [
      20000000.0,
      105000000.0,
      105000000.0,
      105000000.0,
      0.0,
      42163589.760000005,
      105000000.0,
      105000000.0,
      85974217.6,
      94744585.6,
      100343129.6,
      105000000.0
    ],
    "entregas_A": [
      84768298.88,
      20108633.599999994,
      114837624.32,
      180945651.20000005,
      457958554.24,
      151519712.0,
      26250000.0,
      55386859.52000001,
      18750000.0,
      15000000.0,
      11250000.0,
      17932697.600000024
    ],
    "entregas_B": [
      36300699.519999996,
      13589414.399999991,
      49187553.28,
      77519564.80000001,
      189810808.96,
      22744858.239999995,
      7000000.0,
      48485536.0,
      44893578.24000001,
      4000000.0,
      3000000.0,
      3000000.0
    ],
    "entregas_H": [
      80712665.6,
      94132032.0,
      284350118.4,
      172310144.00000003,
      13512908.800000042,
      144285440.0,
      155236467.20000005,
      107790080.0,
      232528435.2,
      28423040.0,
      19152320.0,
      17059712.0
    ],
    "deficits_A": [
      0.0,
      0.0,
      0.0,
      0.0,
      0.0,
      0.0,
      0.0,
      0.0,
      0.0,
      0.0,
      0.0,
      0.0
    ],
    "deficits_B": [
      0.0,
      0.0,
      0.0,
      0.0,
      0.0,
      0.0,
      0.0,
      0.0,
      0.0,
      0.0,
      0.0,
      0.0
    ],
    "turbinado": [
      75.33664277180407,
      49.31716049382715,
      167.4041577060932,
      166.19419753086424,
      246.8945161290323,
      122.89738049382717,
      70.37278494623658,
      81.65990567901235,
      110.57796200716845,
      18.295925925925925,
      12.47099761051374,
      14.657565432098774
    ],
    "FE_A": 0.75,
    "FE_B": 0.5,
    "objetivo": 0.0,
    "status": 2,
    "V_sep_deshielo": 375000000.0,
    "energia_total": 709.2148324444445
  }
}