{
  "volumenes_R": [
    50000000.0,
    70916608.0,
    104982259.2,
    166655475.2,
    175000000.0,
    175000000.0,
    0.0,
    0.0,
    0.0,
    0.0,
    0.0,
    0.0
  ],
  "volumenes_A": [
    50000000.0,
    71982438.4,
    107771372.16,
    172548248.95999998,
    0.0,
    85012364.79999998,
    170717830.39999998,
    198055769.59999996,
    197342038.39999998,
    189511183.99999997,
    184801730.55999997,
    209132744.95999998
  ],
  "volumenes_B": [
    20000000.0,
    29392473.6,
    44702016.64,
    72434963.84,
    0.0,
    37255299.199999996,
    74807641.6,
    87466758.39999999,
    87860873.6,
    84961936.0,
    83522170.24,
    94649747.83999999
  ],
  "entregas_A": [
    4797167.359999999,
    0.0,
    0.0,
    0.0,
    244503617.91999996,
    23800000.0,
    23800000.0,
    22100000.0,
    19550000.0,
    17000000.0,
    15300000.0,
    13600000.0
  ],
  "entregas_B": [
    2027357.4399999976,
    0.0,
    0.0,
    0.0,
    103244407.67999999,
    9350000.0,
    9350000.0,
    8500000.0,
    7650000.0,
    6800000.0,
    5950000.0,
    5100000.0
  ],
  "entregas_H": [
    4549683.200000003,
    0.0,
    0.0,
    0.0,
    60165350.399999976,
    103611776.0,
    279271872.0,
    47064704.0,
    17920256.000000004,
    8713471.999999998,
    10067187.200000001,
    36105728.0
  ],
  "deficits_A": [
    0.0,
    0.0,
    0.0,
    0.0,
    0.0,
    0.0,
    0.0,
    0.0,
    0.0,
    0.0,
    0.0,
    0.0
  ],
  "deficits_B": [
    0.0,
    0.0,
    0.0,
    0.0,
    0.0,
    0.0,
    0.0,
    0.0,
    0.0,
    0.0,
    0.0,
    0.0
  ],
  "turbinado": [
    4.246642771804062,
    0.0,
    0.0,
    0.0,
    152.29740740740738,
    52.76303086419753,
    116.6449641577061,
    29.963234567901235,
    16.845973715651134,
    12.543777777777779,
    11.692498207885306,
    21.144185185185187
  ],
  "objetivo": 0.0,
  "status": 2,
  "energia_total": 262.05797008888885
}