{
  "volumenes_R": [
    50000000.0,
    70916608.0,
    104982259.2,
    166655475.2,
    175000000.0,
    175000000.0,
    0.0,
    0.0,
    0.0,
    0.0,
    0.0,
    0.0
  ],
  "volumenes_A": [
    50000000.0,
    71982438.4,
    107771372.16,
    172548248.95999998,
    0.0,
    82562364.79999998,
    165817830.39999998,
    192755769.59999996,
    192842038.39999998,
    187011183.99999997,
    186351730.55999997,
    213032744.95999998
  ],
  "volumenes_B": [
    20000000.0,
    29392473.6,
    44702016.64,
    72434963.84,
    0.0,
    39605299.199999996,
    79507641.6,
    94666758.39999999,
    97710873.6,
    97611936.0,
    99122170.24,
    105000000.0
  ],
  "entregas_A": [
    4797167.359999999,
    0.0,
    0.0,
    0.0,
    244503617.91999996,
    26250000.0,
    26250000.0,
    22500000.0,
    18750000.0,
    15000000.0,
    11250000.0,
    11250000.0
  ],
  "entregas_B": [
    2027357.4399999976,
    0.0,
    0.0,
    0.0,
    103244407.67999999,
    7000000.0,
    7000000.0,
    6000000.0,
    5000000.0,
    4000000.0,
    3000000.0,
    10349747.839999989
  ],
  "entregas_H": [
    4549683.200000003,
    0.0,
    0.0,
    0.0,
    60165350.399999976,
    103611776.0,
    279271872.0,
    47064704.0,
    17920256.000000004,
    8713471.999999998,
    10067187.200000001,
    36105728.0
  ],
  "deficits_A": [
    0.0,
    0.0,
    0.0,
    0.0,
    0.0,
    0.0,
    0.0,
    0.0,
    0.0,
    0.0,
    0.0,
    0.0
  ],
  "deficits_B": [
    0.0,
    0.0,
    0.0,
    0.0,
    0.0,
    0.0,
    0.0,
    0.0,
    0.0,
    0.0,
    0.0,
    0.0
  ],
  "turbinado": [
    4.246642771804062,
    0.0,
    0.0,
    0.0,
    152.29740740740738,
    52.801611111111114,
    116.68229988052569,
    29.15304938271605,
    15.55789127837515,
    10.691925925925926,
    9.07899761051374,
    22.26291506172839
  ],
  "FE_A": 0.75,
  "FE_B": 0.5,
  "objetivo": 0.0,
  "status": 2,
  "V_sep_deshielo": 375000000.0,
  "energia_total": 258.6933272177778
}